U_wind_ms,Omega_rpm,pitch_deg,r_m,chord_m,twist_deg,a,ap,alpha_deg,cl,cd,W_ms,Np_per_m,Tp_per_m
5.0,72.0,3.0,1.257,0.737,22.0,0.09360605073721412,0.017548036440287046,-0.4706968132015622,0.09930831919588477,0.007694317204076377,10.916237805328443,5.031725937853617,1.8412436545648636
5.0,72.0,3.0,1.343,0.728,18.3,0.156250573761942,0.028540605769912433,0.7511563172389893,0.24029206142828494,0.0073444276129549175,11.236979132576096,12.694888030461415,4.696102455452143
5.0,72.0,3.0,1.51,0.711,14.29,0.17289769452299508,0.02534440120321356,2.217170536223722,0.41370641843789585,0.007576412167950722,12.384558392630415,26.21590100559208,8.750355116187478
5.0,72.0,3.0,1.648,0.697,11.91,0.1834177780921591,0.02243759956032291,2.9062106927722424,0.4986498864181705,0.00789072334817966,13.344387095426804,36.273660155318325,11.027438949380306
5.0,72.0,3.0,1.952,0.666,8.42,0.19884941301821793,0.017049991527497733,3.5618196728237694,0.5818296049452935,0.008295136860136162,15.49539134204777,55.2606164986644,13.947183127899057
5.0,72.0,3.0,2.257,0.636,6.16,0.2130653069474796,0.01336343332105617,3.692919773074535,0.5984651975615026,0.008389019293303377,17.68797407734841,71.33865289278795,15.22835120772789
5.0,72.0,3.0,2.343,0.627,5.66,0.21674854948710673,0.012532639121610515,3.6895769165840377,0.5980419905634055,0.008386567799988838,18.310901134890912,75.45514149935167,15.41482401920334
5.0,72.0,3.0,2.562,0.605,4.66,0.22274796486955228,0.010629373162404305,3.598533562341984,0.5864953001228106,0.008320964060411072,19.90540820998468,84.69428226716805,15.61414602576229
5.0,72.0,3.0,2.867,0.574,3.42,0.23492192644822074,0.008732743279769957,3.5303053760044225,0.577821385454189,0.008273251453726526,22.138450275797673,98.3135215782147,15.800076707629701
5.0,72.0,3.0,3.172,0.543,2.49,0.24341426453963289,0.007236456229692194,3.4346797715138213,0.5656462321073563,0.00820842692882317,24.38460711018307,110.75947360674704,15.750164216003922
5.0,72.0,3.0,3.476,0.512,1.83,0.24685735951452692,0.006016091021143008,3.2982458028156967,0.5482666571249238,0.008119968579063734,26.63365448817157,120.99352674878867,15.456150315418956
5.0,72.0,3.0,3.781,0.482,1.4,0.24584797040098066,0.005005179321172565,3.097673574878042,0.522784733826149,0.007998200999346478,28.897828165279375,128.04154866500383,14.86283717448448
5.0,72.0,3.0,4.086,0.451,1.13,0.24332377309796757,0.004188914244468677,2.842309445724249,0.490649277379005,0.00785672406512369,31.16724893004924,130.9413479962809,13.889391106483519
5.0,72.0,3.0,4.391,0.42,0.96,0.24596011935969164,0.003572619083822111,2.513809572777427,0.449931060341764,0.007697285799407158,33.438862980107146,128.84526842812159,12.392103739781696
5.0,72.0,3.0,4.696,0.389,0.85,0.26869370155746986,0.0031705477404194455,2.027610516296982,0.39080104183398556,0.007511256046559761,35.70698027464025,118.32784658190533,9.887419712227917
5.0,72.0,3.0,5.0,0.358,0.79,0.4473194296170165,0.0022349014137763483,0.39305532826240097,0.19884446801015468,0.00739127057558521,37.88428585200263,62.58085036694744,2.2447407071886225
6.0,72.0,3.0,1.257,0.737,22.0,0.17981412763367435,0.04888373523970588,0.6747464584247391,0.23143025383231489,0.007350744915921526,11.358292507226142,12.332606623615666,5.453607590935888
6.0,72.0,3.0,1.343,0.728,18.3,0.22387362253928705,0.05498201307127783,2.2530947514190722,0.41806789546958767,0.007589839316257428,11.653586621621338,23.39103777165459,9.695117501564553
6.0,72.0,3.0,1.51,0.711,14.29,0.220980417296817,0.04401316017413852,4.176642837642104,0.6587386899820903,0.008777180749073242,12.772226755509013,43.77932950177513,16.545682267432827
6.0,72.0,3.0,1.648,0.697,11.91,0.21951061313467254,0.03699940563352954,5.062690426404843,0.7592454585715378,0.00967908203213537,13.709945416447605,57.525595056676615,20.080171416072204
6.0,72.0,3.0,1.952,0.666,8.42,0.21443028109519188,0.02604799799456261,5.914404078952008,0.8354283009326683,0.010815783409970945,15.819594054878563,81.74192143622268,24.356941570421053
6.0,72.0,3.0,2.257,0.636,6.16,0.21724187835494996,0.019667226285749843,5.984935540646423,0.840798022232418,0.010923092063601925,17.97642026948177,102.52591481452201,26.32537956531416
6.0,72.0,3.0,2.343,0.627,5.66,0.21882009165134525,0.01833797059779887,5.943275605999206,0.8376420186537602,0.010859453847194687,18.59032370541606,107.94656922718103,26.635145476603725
6.0,72.0,3.0,2.562,0.605,4.66,0.2221543950192544,0.015483495377584443,5.72301322053666,0.8201862761177868,0.010535122736984372,20.163673750379548,120.58184731559844,27.05733518001152
6.0,72.0,3.0,2.867,0.574,3.42,0.23011854127802472,0.012629405826810597,5.496064733304881,0.8007650673881432,0.010221735189539128,22.37176262931324,138.23911726418092,27.33378760169577
6.0,72.0,3.0,3.172,0.543,2.49,0.2361267230663245,0.010455256740225998,5.248812453707417,0.7778135318438425,0.00990341096071687,24.597142468656852,154.14338741278058,27.205549555760307
6.0,72.0,3.0,3.476,0.512,1.83,0.2389834935254626,0.008731554979061317,4.9691389012860245,0.7495176764216918,0.009571132131691971,26.828681046202906,167.08233407789652,26.66513905546157
6.0,72.0,3.0,3.781,0.482,1.4,0.23945150108253987,0.007341767066872142,4.6290111969287775,0.7121942476477813,0.009204722271894006,29.077669232659602,175.93280699091167,25.62987044071
6.0,72.0,3.0,4.086,0.451,1.13,0.23968200175349658,0.006238513036286706,4.2414905743987426,0.6666150928127109,0.008834484476767645,31.33377304205218,179.21610922283458,23.9514017070787
6.0,72.0,3.0,4.391,0.42,0.96,0.24577761949585483,0.005427476578321167,3.7818300127624673,0.6096972016767325,0.00845534900621914,33.59324799577242,175.71745715500037,21.411339388070484
6.0,72.0,3.0,4.696,0.389,0.85,0.2728997195294369,0.004958119033506575,3.139867924859863,0.5281328342678857,0.008023021219501747,35.8489989642709,160.81301554609334,17.241419063980587
6.0,72.0,3.0,5.0,0.358,0.79,0.46302754218617814,0.00472142136262847,1.0718882671405006,0.27762733041385107,0.007338979776951894,38.01388325501575,87.85081294871402,5.138749438142564
7.0,72.0,3.0,1.257,0.737,22.0,0.2396050235936164,0.08216950016258998,1.74660728694525,0.3571578948510964,0.007432824028005071,11.827168775659532,20.350767717951417,9.73054504112656
7.0,72.0,3.0,1.343,0.728,18.3,0.27090194205492935,0.08388966733994963,3.6388728078343107,0.5916159451355328,0.008349755975435122,12.10405073590916,35.27533932197449,15.801802916599232
7.0,72.0,3.0,1.51,0.711,14.29,0.24140485394085587,0.06279003845266302,6.404581844158355,0.8702246882042629,0.011606326631724838,13.213931112314171,60.94796756668208,25.783626431914502
7.0,72.0,3.0,1.648,0.697,11.91,0.2197621651857449,0.04962499436525674,7.8123320152500995,0.9452963503884179,0.014513110320720243,14.13966196360873,74.89997030608494,30.022681047600283
7.0,72.0,3.0,1.952,0.666,8.42,0.19542096683150995,0.03258125159114107,8.914541181004317,0.9882736294534328,0.01754124200450597,16.207300710844105,99.94953013055485,35.03646248317605
7.0,72.0,3.0,2.257,0.636,6.16,0.19046084818329176,0.02396211088442955,8.854866854701005,0.9861801779328284,0.017358667491138697,18.323433901965814,123.36212190544454,37.73078351744734
7.0,72.0,3.0,2.343,0.627,5.66,0.19066860169811528,0.022267957464464125,8.757084244663714,0.9827027938933229,0.017064274055533304,18.926965355701686,129.69831466328998,38.22705991322648
7.0,72.0,3.0,2.562,0.605,4.66,0.19271202967887685,0.018813746325281273,8.360812375069198,0.9679323838483963,0.015930707470633115,20.47569564017014,145.22044816848222,39.12338567933988
7.0,72.0,3.0,2.867,0.574,3.42,0.1991511125767206,0.015407932053142297,7.907017093288523,0.9494127232912184,0.014745690970818612,22.654307028563892,166.63740051774312,39.812996629114686
7.0,72.0,3.0,3.172,0.543,2.49,0.20595450508046678,0.01290208050749664,7.4326476889831525,0.9277920177029326,0.013629484555369942,24.85437676498723,186.41573627024678,39.899483597715076
7.0,72.0,3.0,3.476,0.512,1.83,0.2120080843065555,0.010966856351467802,6.929947680085476,0.9018099450175451,0.012575413262559815,27.063915395968518,203.38477454112478,39.39045647725408
7.0,72.0,3.0,3.781,0.482,1.4,0.21804872595484892,0.009447633042067093,6.3694051673603,0.8679136659796249,0.011546041952572342,29.293340815612083,216.54476185826957,38.21086748871995
7.0,72.0,3.0,4.086,0.451,1.13,0.22513064620676712,0.008255562006110375,5.775173213044142,0.8244399270983004,0.010610103609125078,31.532072613845568,223.5626033412588,36.08050609266278
7.0,72.0,3.0,4.391,0.42,0.96,0.23835304396173385,0.007398931465798767,5.122165705216641,0.7652959511624202,0.0097493698314444,33.77576628449441,222.22840291980185,32.626792328711794
7.0,72.0,3.0,4.696,0.389,0.85,0.27251616155305447,0.0069700548234600595,4.278508016404753,0.6710831018969727,0.008867778635368397,36.015628197559394,205.70632560024015,26.612320201263877
7.0,72.0,3.0,5.0,0.358,0.79,0.47026975935663207,0.0075635508222437284,1.78568088243793,0.36181519204535983,0.007442399298501503,38.16481908311219,115.24282752160035,8.861979198910342
8.0,72.0,3.0,1.257,0.737,22.0,0.2834736187684482,0.1173295227303889,2.7289072537756307,0.47651668255991547,0.007798745795318378,12.319687017585535,29.146912787346206,14.717597270072162
8.0,72.0,3.0,1.343,0.728,18.3,0.3025271710009382,0.11441083817388455,5.010745939602897,0.7538752010432602,0.009618751651311368,12.588645386740797,48.05401728494785,23.002742688481554
8.0,72.0,3.0,1.51,0.711,14.29,0.23268646018217548,0.07798996376959724,9.282443320783708,1.0007602876413704,0.018716548415208808,13.722581095674094,74.08630386797908,35.33894736022687
8.0,72.0,3.0,1.648,0.697,11.91,0.20196471448859546,0.05926572596808144,10.965825144819473,1.0540454654739673,0.025267306936913182,14.62868366518688,87.64907900392284,39.948805714283225
8.0,72.0,3.0,1.952,0.666,8.42,0.1732909948141546,0.03771388876597982,11.994353155354693,1.0893378674388974,0.0303137959317813,16.643285799717287,114.31486194546522,45.76979401140702
8.0,72.0,3.0,2.257,0.636,6.16,0.1642681806368934,0.027175586056105254,11.77132970461121,1.0813597042183383,0.02914725985658015,18.714842490773986,139.2231522687552,48.99363030707416
8.0,72.0,3.0,2.343,0.627,5.66,0.16332960620558623,0.025139839901345266,11.62413707105914,1.076179390164678,0.028399685510018396,19.307259953778402,145.9186470385016,49.59658830655426
8.0,72.0,3.0,2.562,0.605,4.66,0.1629341955926805,0.021086244240278475,11.09263684922198,1.0581717419126255,0.02584438289692428,20.83010769630035,162.441918511449,50.761606089711094
8.0,72.0,3.0,2.867,0.574,3.42,0.16679208965487674,0.017226276758518,10.44392614835934,1.0375186174370368,0.023020040624891328,22.977144911224116,185.53572476463998,51.77765006116814
8.0,72.0,3.0,3.172,0.543,2.49,0.17266761007419543,0.01451628961566638,9.768070288755519,1.0164150108702006,0.02040316342966962,25.150024414305044,207.41507592030703,52.13019773168866
8.0,72.0,3.0,3.476,0.512,1.83,0.1794884025037118,0.012503369558128611,9.064034421875682,0.993429564220698,0.018008422239865554,27.335924607364166,227.00077050687406,51.80466885316991
8.0,72.0,3.0,3.781,0.482,1.4,0.18800784707379134,0.010989170583742023,8.30144887478901,0.9656150084428482,0.015768943709167406,29.544328121102907,243.63580284892626,50.74670547997259
8.0,72.0,3.0,4.086,0.451,1.13,0.1993402277650019,0.009860627396105751,7.503580733105128,0.9311900294952642,0.013788703700299752,31.76401849189947,254.975992308671,48.571149149244505
8.0,72.0,3.0,4.391,0.42,0.96,0.21900611708098558,0.009154611726864492,6.632305641801527,0.8845605165795556,0.012010365031469357,33.98962681055321,259.06749203754146,44.815801655241714
8.0,72.0,3.0,4.696,0.389,0.85,0.26343658698492434,0.00903790394916841,5.515560871970577,0.8024935210859709,0.0102478479390421,36.20968039811082,247.8747804351903,37.63770973053564
8.0,72.0,3.0,5.0,0.358,0.79,0.47364971030939934,0.010751661585050592,2.5159911088976563,0.4501992986636147,0.007698257644696222,38.336395226578766,144.47765096820964,13.469800194055853
9.0,72.0,3.0,1.257,0.737,22.0,0.31699137728500126,0.1541899369182298,3.621173851049598,0.5893700618619356,0.008337069754405775,12.832711064608212,38.755791048917814,20.442893322338428
9.0,72.0,3.0,1.343,0.728,18.3,0.31597057840967413,0.14432982086845517,6.6811145433838695,0.8874991923888844,0.012100116377253178,13.121314113622823,60.60460181834882,31.146528409568692
9.0,72.0,3.0,1.51,0.711,14.29,0.21920851132736258,0.09154067169030883,12.196293157872127,1.0966750035099468,0.03140576306794362,14.27652279831823,86.10538711244872,45.486503872010566
9.0,72.0,3.0,1.648,0.697,11.91,0.18961143451561444,0.06908598573845944,13.858595513479054,1.158399884435874,0.041756654989903975,15.154585292530921,101.52749008290172,51.072238908186286
9.0,72.0,3.0,1.952,0.666,8.42,0.1591698969342235,0.043110786752308186,14.819764437291791,1.1921316400953856,0.048930178469537004,17.11600038955539,130.3697985458559,57.743143947692225
9.0,72.0,3.0,2.257,0.636,6.16,0.1478526275464708,0.030613023115375868,14.459247509516295,1.179856699272018,0.046131951547333606,19.14188271202028,156.938015940061,61.44060653297924
9.0,72.0,3.0,2.343,0.627,5.66,0.14623752115158056,0.028221522625485627,14.269266852312493,1.1731876979544318,0.044709812153338566,19.722720476609332,164.01120492275246,62.12780890049951
9.0,72.0,3.0,2.562,0.605,4.66,0.14401736659806194,0.023482033871951736,13.628925302511586,1.1499601502246366,0.04017585923465029,21.218551717037723,181.19776649361626,63.41199478063503
9.0,72.0,3.0,2.867,0.574,3.42,0.14510307517236695,0.01900220624568013,12.834051498643504,1.1203103799991536,0.03508359923326237,23.332523415355038,204.647633662678,64.36954453296313
9.0,72.0,3.0,3.172,0.543,2.49,0.14854838671707887,0.015930037953854635,12.01461969033184,1.090069742460212,0.03042184273795876,25.477079074000162,226.3986439948371,64.5170462182718
9.0,72.0,3.0,3.476,0.512,1.83,0.15372702947546862,0.013733006342706522,11.166227704253444,1.0605939491085536,0.026184952264941278,27.638510492396026,245.96158031397943,63.98542116331892
9.0,72.0,3.0,3.781,0.482,1.4,0.16168194036953415,0.01217681734244067,10.25325033195891,1.0315791762376243,0.02224897418156907,29.82528892093788,263.5765839122278,62.87882046554151
9.0,72.0,3.0,4.086,0.451,1.13,0.17356411245113793,0.011106701746652205,9.299539616998713,1.001325127362843,0.018773277161007497,32.02558530820052,277.1731566465466,60.714624456599395
9.0,72.0,3.0,4.391,0.42,0.96,0.1946989863716458,0.010568291950833223,8.2628958947372,0.9640940290430988,0.015664990547792815,34.233269623670736,285.0620037497469,56.91968491201782
9.0,72.0,3.0,4.696,0.389,0.85,0.2436558564285404,0.01088726353630631,6.918046275000281,0.9011496928404872,0.01255199608417749,36.43403632850938,280.7377295128683,49.350250055218744
9.0,72.0,3.0,5.0,0.358,0.79,0.47519713437803957,0.014291206612268908,3.2516307356620477,0.5423333080613975,0.008090804656351258,38.52848489422244,175.52164268601834,19.02723090171722
10.0,72.0,3.0,1.257,0.737,22.0,0.34237614338717026,0.19226697462019726,4.472998131197317,0.6941828116485574,0.009049819298372473,13.365976374888465,49.09636455546899,26.90854505733896
10.0,72.0,3.0,1.343,0.728,18.3,0.31284826045409514,0.17180803432239947,8.77544609850008,0.9833603907547507,0.01711910606925093,13.711773768462107,72.05993411089744,40.07197173131824
10.0,72.0,3.0,1.51,0.711,14.29,0.2103832888917463,0.10562584459306276,14.809739784876019,1.1917978653027088,0.04885058712459011,14.859325153966969,99.57472109187373,56.91753913952343
10.0,72.0,3.0,1.648,0.697,11.91,0.17821979090165463,0.0779926418201431,16.619526936117577,1.2420582686058397,0.06495141286351475,15.714680731663385,115.19534655756839,62.63988603731534
10.0,72.0,3.0,1.952,0.666,8.42,0.1449757558285591,0.047190072485023625,17.600143946036418,1.257647552655637,0.07521595748305701,17.62511084912683,143.98363551185162,68.97779792001174
10.0,72.0,3.0,2.257,0.636,6.16,0.13345243642247848,0.033367298141750136,17.072734596021245,1.250510971053225,0.0695546917321584,19.604332026790466,172.54138131301474,73.41426900498958
10.0,72.0,3.0,2.343,0.627,5.66,0.13183226311246693,0.030773831367177405,16.830299821588227,1.2462393466448785,0.06706263135896412,20.173138786330334,180.32129073274922,74.36015262700283
10.0,72.0,3.0,2.562,0.605,4.66,0.1296118336681893,0.025677676783925144,16.055914742232616,1.2289320338110872,0.0595540044419891,21.640567432654706,199.4148788750265,76.31481785052179
10.0,72.0,3.0,2.867,0.574,3.42,0.1300010903350946,0.020799221665089837,15.09764272224839,1.201190097648193,0.05117758047701219,23.71941298421707,224.7488542491888,77.72959096739602
10.0,72.0,3.0,3.172,0.543,2.49,0.1324959363662384,0.01744541580271613,14.131425248844797,1.1682755989403102,0.0437002763654817,25.83365677024137,247.51169642034517,77.94150477292501
10.0,72.0,3.0,3.476,0.512,1.83,0.1364386812327579,0.015035329333971763,13.15430688015749,1.132292830778324,0.03706578326349031,27.96900930591836,267.0081811392646,77.11535866815125
10.0,72.0,3.0,3.781,0.482,1.4,0.14267954912742498,0.013321339523105147,12.12960422491625,1.0942414601794441,0.031041360894708967,30.133151025207642,283.5742591545287,75.47806659956191
10.0,72.0,3.0,4.086,0.451,1.13,0.15280620227351416,0.012187591014243515,11.0694077043839,1.057411556064234,0.02573775056559769,32.31353931991295,296.27443112840183,72.79985919202325
10.0,72.0,3.0,4.391,0.42,0.96,0.17246699562986267,0.011741341731979755,9.91725046779917,1.0211048402436111,0.020953237929669053,34.50317068771823,305.12296927288133,68.77192547418629
10.0,72.0,3.0,4.696,0.389,0.85,0.22020370030091246,0.012451691018256708,8.422320408223456,0.970302866366687,0.01610049975396584,36.68622272949084,305.13659313889013,61.09240447708956
10.0,72.0,3.0,5.0,0.358,0.79,0.47529808882946545,0.01814296367978808,3.994160772594332,0.6362756612887586,0.008622762716934237,38.74006271276264,207.8444577119897,25.548591467424036
11.0,72.0,3.0,1.257,0.737,22.0,0.360205412691741,0.23093217614713413,5.362351429021398,0.7885941247708919,0.010046656792059955,13.923246799693331,59.98886662094111,34.12336639083414
11.0,72.0,3.0,1.343,0.728,18.3,0.3033762199528887,0.19735474371785247,10.993716832301931,1.0549481973183201,0.02539317447132739,14.342953910127562,83.04708178453615,49.73187715384958
11.0,72.0,3.0,1.51,0.711,14.29,0.1992050221753872,0.1173277104627327,17.41109570293658,1.2554450126552172,0.07314848740698819,15.473069242370434,111.95574676049716,68.24833807845664
11.0,72.0,3.0,1.648,0.697,11.91,0.16086471910556358,0.08264448396800994,19.546052952125894,1.2571882056857837,0.0951455088960037,16.31479871711289,123.9114483199778,71.91014047212985
11.0,72.0,3.0,1.952,0.666,8.42,0.1272911714682448,0.04958994090796899,20.43860512525206,1.2571882056857835,0.09514550889600369,18.18746767308001,150.8596925405419,78.63515882208394
11.0,72.0,3.0,2.257,0.636,6.16,0.1168480201029377,0.03452111163612578,19.730717775619098,1.2571882056857837,0.09514550889600369,20.107341104249173,180.6004415301987,82.54337274709575
11.0,72.0,3.0,2.343,0.627,5.66,0.11560723644538255,0.0316952290323889,19.4319005642261,1.2571882056857835,0.09514550889600369,20.6595568214966,189.13788820240848,83.27758611804589
11.0,72.0,3.0,2.562,0.605,4.66,0.11498528125563197,0.026813464069014643,18.482160765336424,1.2621047576274078,0.08544110054891178,22.095245167036776,211.77903738088176,86.72437875177174
11.0,72.0,3.0,2.867,0.574,3.42,0.11642203397576194,0.022090784144929907,17.324952787589368,1.2543070750727414,0.07222063749406536,24.137514030274936,241.13257552932598,89.91413211631868
11.0,72.0,3.0,3.172,0.543,2.49,0.11938467140088632,0.018752580843876158,16.19138863174807,1.232329942002038,0.06081881746329521,26.219790505907397,266.9709690098198,91.17549372600966
11.0,72.0,3.0,3.476,0.512,1.83,0.12339232326327855,0.01629960019226392,15.071385424517727,1.200350871679666,0.050961799347461895,28.327319841548594,288.38766887851796,90.76401399166618
11.0,72.0,3.0,3.781,0.482,1.4,0.12917678501459598,0.014520423415980798,13.92501902712975,1.1608209732191017,0.04222322960458799,30.467054398123018,305.61743740194856,89.0323928159349
11.0,72.0,3.0,4.086,0.451,1.13,0.13800478835442007,0.013312710132866681,12.765362062292109,1.1177437648409694,0.03467040895963749,32.626084377482236,317.44265401038285,85.76387467330802
11.0,72.0,3.0,4.391,0.42,0.96,0.15498934537814732,0.012840537940970169,11.533238303041832,1.0730183722258984,0.027946775362232907,34.796927634557285,324.4092591700625,80.89216927838308
11.0,72.0,3.0,4.696,0.389,0.85,0.19839431889484122,0.013799596084323767,9.951287777772382,1.0221701069901785,0.021080895878574677,36.962763174143085,324.7725109621084,72.71314403988988
11.0,72.0,3.0,5.0,0.358,0.79,0.473294798970857,0.022163221290197037,4.760483347683186,0.7269604188353365,0.009341598954336547,38.96776275643089,239.82530071894632,32.91279340510982
12.0,72.0,3.0,1.257,0.737,22.0,0.3700466617487233,0.26937296565697244,6.390867007125224,0.8693268472071978,0.011582755662335145,14.513003760445164,71.13108607603802,42.11292383234595
12.0,72.0,3.0,1.343,0.728,18.3,0.2970523730324837,0.22361987731846164,12.947096357357683,1.124538803974324,0.035772747729974394,14.989206770337884,95.14354674382184,60.43834963208718
12.0,72.0,3.0,1.51,0.711,14.29,0.1808995228440665,0.12468834613458502,20.220685475999662,1.2571882056857837,0.0951455088960037,16.142312977184726,119.73924950938873,78.30361107863365
12.0,72.0,3.0,1.648,0.697,11.91,0.1441784467211463,0.08989361977884724,22.26437472221892,1.2571882056857837,0.0951455088960037,16.99624467057233,130.62626933429493,84.33272343162032
12.0,72.0,3.0,1.952,0.666,8.42,0.11314300079528035,0.05355167777905971,23.043290943984655,1.2571882056857837,0.0951455088960037,18.80667203457291,157.31911791711977,91.32434651742933
12.0,72.0,3.0,2.257,0.636,6.16,0.10298504214453684,0.037085255203905904,22.21990446710324,1.2571882056857835,0.09514550889600369,20.672110608881418,186.91897632257636,95.45351866825821
12.0,72.0,3.0,2.343,0.627,5.66,0.10165640949146977,0.03400714354070835,21.88723172092005,1.2571882056857837,0.0951455088960037,21.21034030789984,195.41370453974338,96.23710787079604
12.0,72.0,3.0,2.562,0.605,4.66,0.10043932161192032,0.028040489723994963,20.867495592814432,1.2571882056857837,0.09514550889600369,22.602952811247793,217.71379166953125,97.84232378310782
12.0,72.0,3.0,2.867,0.574,3.42,0.1020866717466234,0.02250696474946129,19.568504097589397,1.2571882056857837,0.09514550889600372,24.589653347828698,249.0920566551456,98.92711077333365
12.0,72.0,3.0,3.172,0.543,2.49,0.10656952974425474,0.01945211084161157,18.246279142973176,1.2619058290483833,0.08261166630899788,26.63461762360871,280.3921786826655,102.00292564746304
12.0,72.0,3.0,3.476,0.512,1.83,0.11167350408146073,0.017264174201570424,16.963187426445643,1.2486541371329392,0.06842012736475277,28.713008730642443,306.3259147465093,103.42821776239052
12.0,72.0,3.0,3.781,0.482,1.4,0.1179812700655274,0.015603837643305826,15.68074200293406,1.218796856743503,0.05615679424532561,30.826878585081747,326.55801148131275,102.6042250020129
12.0,72.0,3.0,4.086,0.451,1.13,0.12663145401869988,0.014437349556708598,14.408709641659328,1.1780949142363402,0.045750139266834106,32.962975581116474,339.62001445941377,99.40709555837682
12.0,72.0,3.0,4.391,0.42,0.96,0.14217970441242236,0.013991443647816555,13.08726150351534,1.1297844655098108,0.03664315544276633,35.11334563829275,346.0030040242648,93.93946781242023
12.0,72.0,3.0,4.696,0.389,0.85,0.18074630552581106,0.015074161076256413,11.448177717226159,1.070088778706545,0.027528954214923816,37.26105193081427,343.8452141970064,84.6125265187424
12.0,72.0,3.0,5.0,0.358,0.79,0.4683847634474098,0.026126287787088125,5.574359599224144,0.8076368965806129,0.01032751494210409,39.206532946653056,269.159987559983,40.859149088551334
13.0,72.0,3.0,1.257,0.737,22.0,0.3726984666476864,0.3070080828759655,7.590603992864093,0.9352763571480496,0.013987683838174395,15.140040885735937,82.31730583566143,50.9072554248556
13.0,72.0,3.0,1.343,0.728,18.3,0.29198680297426494,0.2500291533169097,14.722989069569682,1.188890490113172,0.04816610949959785,15.650430227895834,108.11157436101885,72.10965102559386
13.0,72.0,3.0,1.51,0.711,14.29,0.1648904467861997,0.13529106168508384,22.737805721689657,1.2571882056857837,0.0951455088960037,16.879837160561166,127.04402576950999,91.28986539577441
13.0,72.0,3.0,1.648,0.697,11.91,0.13098122929366662,0.0971028919681961,24.739157635766546,1.2571882056857837,0.0951455088960037,17.704925032093293,137.66296979243546,97.54728945864301
13.0,72.0,3.0,1.952,0.666,8.42,0.10203459917008109,0.057511538705270655,25.45088868366563,1.2571882056857837,0.09514550889600369,19.455468329205527,164.10655480586556,104.72033624512578
13.0,72.0,3.0,2.257,0.636,6.16,0.09220909012370716,0.03965357648406573,24.544628824734897,1.2571882056857835,0.0951455088960037,21.266956801366053,193.57031755287542,108.9674306878489
13.0,72.0,3.0,2.343,0.627,5.66,0.0908413271135942,0.0363227953801436,24.185749592916416,1.257188205685784,0.0951455088960037,21.791142511131547,202.0223428139509,109.77040027078858
13.0,72.0,3.0,2.562,0.605,4.66,0.08932748070015822,0.02987872369645801,23.096256953353347,1.2571882056857837,0.09514550889600369,23.15026443440234,224.2206566259512,111.44214533572664
13.0,72.0,3.0,2.867,0.574,3.42,0.09027946016052331,0.023932420972334598,21.695923377079403,1.2571882056857837,0.0951455088960037,25.09536521533423,255.43929453912108,112.5980426912477
13.0,72.0,3.0,3.172,0.543,2.49,0.09382907126268525,0.02003595267900902,20.28519922826968,1.2571882056857837,0.09514550889600369,27.09085059644019,286.4355559358467,112.5253694272863
13.0,72.0,3.0,3.476,0.512,1.83,0.09970865329625758,0.0176140031265844,18.863606476083127,1.2607652152042295,0.09016653025385589,29.125085828886263,316.7539171139219,112.80925800332567
13.0,72.0,3.0,3.781,0.482,1.4,0.10736360281639079,0.01636680115523944,17.425972395980946,1.2556331287277989,0.07330962401387862,31.212012835801822,343.078957366763,114.68992014612036
13.0,72.0,3.0,4.086,0.451,1.13,0.1166376333253979,0.01541823132919808,16.027905618454874,1.2282115069365738,0.05929504433172764,33.32392308272825,359.9529158197782,112.76067808744851
13.0,72.0,3.0,4.391,0.42,0.96,0.13181106042456672,0.015115744306667973,14.603516094774154,1.184833040952208,0.04723596334441595,35.452340919409046,368.0218121298687,107.48118392253909
13.0,72.0,3.0,4.696,0.389,0.85,0.1674812703327239,0.016397177220754587,12.887898471381416,1.1223239937177865,0.03541043988313846,37.57975183348839,365.0748207620754,97.34879390327754
13.0,72.0,3.0,5.0,0.358,0.79,0.4602621656021193,0.029822698579143034,6.454536965915015,0.8734609685150914,0.011692907978737212,39.45236410560802,294.06863558216963,49.09188420384648
14.0,72.0,3.0,1.257,0.737,22.0,0.3703097923479844,0.34358718324262627,8.912105286760971,0.9881885852909074,0.017533745874359727,15.80093141038793,93.53011058865442,60.49714152058032
14.0,72.0,3.0,1.343,0.728,18.3,0.28528079578404625,0.274598699424864,16.485342207943468,1.239181607054751,0.06363387378022675,16.330975986778967,121.10154935964295,84.31109495774182
14.0,72.0,3.0,1.51,0.711,14.29,0.15191609796112399,0.14583684915299153,25.016437897712436,1.2571882056857837,0.0951455088960037,17.639655266049726,134.66537300703047,105.13067195733859
14.0,72.0,3.0,1.648,0.697,11.91,0.12028445865103815,0.10430044153275275,26.9999617023378,1.2571882056857837,0.0951455088960037,18.438202193375364,145.012530577,111.60212047777975
14.0,72.0,3.0,1.952,0.666,8.42,0.09308596413558734,0.06148069076837319,27.681462751654557,1.2571882056857835,0.0951455088960037,20.13141697566535,171.2107850741719,118.8771946762463
14.0,72.0,3.0,2.257,0.636,6.16,0.08359966867188445,0.04223315573147189,26.72054940834535,1.2571882056857837,0.09514550889600369,21.889887440112172,200.54508832441675,123.14751292644904
14.0,72.0,3.0,2.343,0.627,5.66,0.08222009067677882,0.038649003391502276,26.34233000123584,1.2571882056857835,0.09514550889600369,22.40010526786259,208.95529996793886,123.94217316102656
14.0,72.0,3.0,2.562,0.605,4.66,0.08051535006421698,0.03172378793992889,25.198630816638566,1.2571882056857837,0.0951455088960037,23.72565876574155,231.0525299995296,125.61146625682466
14.0,72.0,3.0,2.867,0.574,3.42,0.08096152764685856,0.025355755198133323,23.714943022862,1.2571882056857837,0.09514550889600369,25.628600980813207,262.10722951143754,126.74698215128446
14.0,72.0,3.0,3.172,0.543,2.49,0.08381884785480866,0.02121127578250303,22.217085429843664,1.2571882056857835,0.09514550889600369,27.586824011273464,292.9171842790689,126.62988480884495
14.0,72.0,3.0,3.476,0.512,1.83,0.08871373508860779,0.01839967583199872,20.71758549414176,1.2571882056857837,0.0951455088960037,29.583061140882524,322.56097157864366,125.24026332530704
14.0,72.0,3.0,3.781,0.482,1.4,0.09627526689265227,0.016555533731818353,19.185190130624793,1.257950385950479,0.09429671354171053,31.621499239639807,351.4659720706277,123.06980021085144
14.0,72.0,3.0,4.086,0.451,1.13,0.10685644382392485,0.016088119805176528,17.644057768820147,1.2580998223440862,0.07570238416316433,33.70830953803886,375.52647979245273,124.41609956066182
14.0,72.0,3.0,4.391,0.42,0.96,0.12240654498542651,0.016093571883713256,16.103570313566973,1.2301439112465478,0.05999660286313982,35.81361185952599,388.0481531002157,120.65072638503686
14.0,72.0,3.0,4.696,0.389,0.85,0.15664230856265587,0.017704969304366998,14.292108072335688,1.1739959664926145,0.04487890340392042,37.91894455043304,386.98641730655464,110.62237854468987
14.0,72.0,3.0,5.0,0.358,0.79,0.4496965271454705,0.03322806593126047,7.398093344647658,0.9261143216390819,0.013552880968038463,39.706380399734755,314.9898586369195,57.5255397545351
15.0,72.0,3.0,1.257,0.737,22.0,0.3655297939485171,0.3792642352705444,10.260056955657888,1.0317909402937813,0.02227604884271841,16.485782583160365,104.93996288584697,70.84487530404165
15.0,72.0,3.0,1.343,0.728,18.3,0.27380951166416506,0.29354079624243967,18.447563940517487,1.2621234728225723,0.08502170517369276,17.035892693816248,132.61544667931668,95.97539710092818
15.0,72.0,3.0,1.51,0.711,14.29,0.14118713062771815,0.15635839297098536,27.087299738860473,1.2571882056857837,0.0951455088960037,18.41944160433795,142.59654458398558,119.862102259184
15.0,72.0,3.0,1.648,0.697,11.91,0.11144012653310315,0.11150176279234912,29.07103357100561,1.2571882056857837,0.09514550889600369,19.193563027216733,152.66433003271786,126.53328285302416
15.0,72.0,3.0,1.952,0.666,8.42,0.08572574968534,0.06546466239493225,29.7515234117713,1.2571882056857835,0.09514550889600369,20.832132014241456,178.61909748773715,133.83607761534557
15.0,72.0,3.0,2.257,0.636,6.16,0.0765676763012666,0.04482717567035673,28.759981260643308,1.2571882056857835,0.09514550889600369,22.53885224431618,207.83152296415875,138.04120584758937
15.0,72.0,3.0,2.343,0.627,5.66,0.07519202705599871,0.04098882192888921,28.368471257435502,1.2571882056857837,0.09514550889600372,23.035283416097954,216.20137716175864,138.80152682199227
15.0,72.0,3.0,2.562,0.605,4.66,0.07336401310979358,0.033579173700870546,27.18454772952369,1.2571882056857837,0.0951455088960037,24.327461246545102,238.20005222737768,140.4034431898255
15.0,72.0,3.0,2.867,0.574,3.42,0.07343388970365958,0.026782327882743193,25.63405144318708,1.2571882056857835,0.09514550889600369,26.188039587360063,269.08963394769347,141.4315516051379
15.0,72.0,3.0,3.172,0.543,2.49,0.07574759530261117,0.022380655805672313,24.06277660110048,1.2571882056857835,0.09514550889600369,28.10843822534327,299.7069861915538,141.18997408745943
15.0,72.0,3.0,3.476,0.512,1.83,0.07996728012161433,0.019418026783392474,22.48802187074949,1.2571882056857837,0.0951455088960037,30.071077760626725,329.1338823647035,139.64165477984588
15.0,72.0,3.0,3.781,0.482,1.4,0.08661860613465715,0.01745439669992516,20.883542859835767,1.2571882056857837,0.0951455088960037,32.07862274204781,357.6892475588735,136.9859636875401
15.0,72.0,3.0,4.086,0.451,1.13,0.09653518521881847,0.016255314844500726,19.27550719458213,1.2571882056857837,0.09514550889600369,34.11566105895117,383.08746471986507,132.48780667784158
15.0,72.0,3.0,4.391,0.42,0.96,0.1130595510955181,0.01678211716875886,17.60466836700057,1.2576951985106375,0.07526596582161496,36.19661467556246,403.55549808209634,132.21357641075633
15.0,72.0,3.0,4.696,0.389,0.85,0.1468272271465938,0.018890631786122065,15.681686186502839,1.2188236243164838,0.05616515135917669,38.27853834891631,407.57794657388627,123.7794379310947
15.0,72.0,3.0,5.0,0.358,0.79,0.4372885984125911,0.036412514026150485,8.4002520637102,0.9694558857841017,0.01603932358505259,39.97315257830611,333.19524901346097,66.23070568955582
16.0,72.0,3.0,1.257,0.737,22.0,0.36133371810019066,0.41500334868804833,11.49923952734262,1.071844024959648,0.02777907847937262,17.17964414826786,116.99468893886159,81.96509746660182
16.0,72.0,3.0,1.343,0.728,18.3,0.2569057052232964,0.3115734966984553,20.535827632966836,1.2571882056857837,0.0951455088960037,17.825390656944464,141.70232673596502,108.7629266065945
16.0,72.0,3.0,1.51,0.711,14.29,0.13216605635115536,0.16687470096671944,28.975726678234107,1.2571882056857837,0.0951455088960037,19.2170385024662,150.82969696578576,135.51129842126824
16.0,72.0,3.0,1.648,0.697,11.91,0.10400568104907958,0.11871533473482201,30.97294446462137,1.2571882056857837,0.0951455088960037,19.968696897496315,160.60752357171268,142.36852449112683
16.0,72.0,3.0,1.952,0.666,8.42,0.07956690603249186,0.06946596056145247,31.67532384989507,1.2571882056857837,0.0951455088960037,21.555362782636116,186.3185595283909,149.6292977270045
16.0,72.0,3.0,2.257,0.636,6.16,0.07071867594945849,0.04743682593549341,30.67333857165022,1.2571882056857837,0.09514550889600369,23.21184494093607,215.41700677755037,153.68595462364365
16.0,72.0,3.0,2.343,0.627,5.66,0.06935611656826624,0.043343395279586264,30.273791905201012,1.2571882056857837,0.0951455088960037,23.694752158646153,223.7483148635978,154.38722252029814
16.0,72.0,3.0,2.562,0.605,4.66,0.06744944041744472,0.035446390728048144,29.062033399111996,1.2571882056857837,0.09514550889600369,24.95396344675598,245.65222440912578,155.85998413266518
16.0,72.0,3.0,2.867,0.574,3.42,0.06723437353712933,0.028215005115743364,27.459758084450026,1.2571882056857835,0.09514550889600369,26.772267903263117,276.3778409581462,156.6970481132797
16.0,72.0,3.0,3.172,0.543,2.49,0.06911449862795305,0.023548828003599382,25.827747973225517,1.2571882056857837,0.0951455088960037,28.6545464406846,306.7989139584259,156.2529639202053
16.0,72.0,3.0,3.476,0.512,1.83,0.07277959919362842,0.020427080801953178,24.188359695282138,1.2571882056857835,0.0951455088960037,30.58304813004437,336.0008648350738,154.47490685551136
16.0,72.0,3.0,3.781,0.482,1.4,0.07870217134857015,0.018378411089524458,22.518816403718983,1.2571882056857835,0.0951455088960037,32.55990270690799,364.3252522319186,151.5857338325754
16.0,72.0,3.0,4.086,0.451,1.13,0.08763005989779458,0.017152117548355387,20.848430802057262,1.2571882056857835,0.0951455088960037,34.56952982562136,389.4660124751144,146.7823018181624
16.0,72.0,3.0,4.391,0.42,0.96,0.10313299468879505,0.017001543670921482,19.123151906614808,1.2586178534413561,0.09348940212771709,36.600596140480874,411.64130082411333,140.41523706511327
16.0,72.0,3.0,4.696,0.389,0.85,0.13714018954996157,0.019825099848175383,17.073660715226815,1.2505261427011127,0.06956434340609895,38.6581871229539,424.7611999519488,135.88286556375272
16.0,72.0,3.0,5.0,0.358,0.79,0.42284054752880684,0.03947151412714111,9.469975940508139,1.0068943578214558,0.01934927555640457,40.26052516493291,349.9116722528205,75.39197670626906
17.0,72.0,3.0,1.257,0.737,22.0,0.35865817192340765,0.4514288590019741,12.584303013069212,1.1109951874949158,0.033601222477000606,17.87556828020741,129.94952535655358,93.90182846966448
17.0,72.0,3.0,1.343,0.728,18.3,0.24300685764403937,0.3337846560315774,22.316478676787654,1.2571882056857835,0.09514550889600369,18.655211583299877,151.42613867167123,123.89018249348841
17.0,72.0,3.0,1.51,0.711,14.29,0.12447409214478541,0.17739686258349976,30.70307385237035,1.2571882056857837,0.0951455088960037,20.030497749042727,159.35687095060055,152.0991899776645
17.0,72.0,3.0,1.648,0.697,11.91,0.09766868085344146,0.125945607494765,32.723480605704694,1.2571882056857835,0.0951455088960037,20.761518825278714,168.83169614156722,159.12964264007297
17.0,72.0,3.0,1.952,0.666,8.42,0.0743380732583643,0.07348542566476833,33.465502429362154,1.2571882056857837,0.09514550889600369,22.299028038349437,194.2966515803164,166.28276450401793
17.0,72.0,3.0,2.257,0.636,6.16,0.06577881584765409,0.05006224569079794,32.46983398774749,1.2571882056857837,0.09514550889600369,23.906953971257707,223.28887817869497,170.11206641075682
17.0,72.0,3.0,2.343,0.627,5.66,0.06443461932471901,0.04571286708977241,32.06675869343926,1.2571882056857837,0.09514550889600369,24.3766616835135,231.58365013037667,170.73068007415034
17.0,72.0,3.0,2.562,0.605,4.66,0.06247944221110703,0.037325900970260305,30.838011540161826,1.2571882056857835,0.09514550889600369,25.603486181248275,253.3974186646356,172.01513502911612
17.0,72.0,3.0,2.867,0.574,3.42,0.06204554512760685,0.029655266271361266,29.197464569081856,1.2571882056857835,0.0951455088960037,27.37985157737378,283.96196374812797,172.58032405796612
17.0,72.0,3.0,3.172,0.543,2.49,0.06357527044260995,0.02471868689698548,27.516356924487592,1.2571882056857837,0.09514550889600369,29.22394502148923,314.18517449435416,171.85740110493984
17.0,72.0,3.0,3.476,0.512,1.83,0.06677994387105066,0.02143120367095238,25.82221654310394,1.2571882056857837,0.0951455088960037,31.117973767694526,343.15630177692856,169.7791885193754
17.0,72.0,3.0,3.781,0.482,1.4,0.07208815111453286,0.019290545509642505,24.095876345071673,1.2571882056857835,0.09514550889600369,33.063613304711346,371.24063292720285,166.59232786122308
17.0,72.0,3.0,4.086,0.451,1.13,0.08017781523490795,0.01802984958763059,22.36981869781655,1.2571882056857837,0.0951455088960037,35.04516589864102,396.1107696110744,161.4228799650606
17.0,72.0,3.0,4.391,0.42,0.96,0.09422237871906777,0.01782982238872632,20.598135686346247,1.2571882056857837,0.09514550889600369,37.04912070834292,417.7327430989978,153.9455362667337
17.0,72.0,3.0,4.696,0.389,0.85,0.12692522739799067,0.020343572650625846,18.48444857204237,1.2621029311236456,0.08546888774027096,39.05733734985169,436.12036575130537,145.58811496894
17.0,72.0,3.0,5.0,0.358,0.79,0.40517463995158054,0.042630195148477164,10.63721856933352,1.043575492073646,0.023828711108238566,40.58611922797354,367.1940476439231,85.57825061497662
18.0,72.0,3.0,1.257,0.737,22.0,0.3565515781211322,0.4881171848585614,13.570993141381585,1.1478170585790979,0.03978500557704902,18.576377567735577,143.6566020510915,106.63370611014666
18.0,72.0,3.0,1.343,0.728,18.3,0.23109936054139826,0.35587422842106625,23.929961548236005,1.2571882056857835,0.09514550889600369,19.494927483114722,161.49002387072684,139.89690788826607
18.0,72.0,3.0,1.51,0.711,14.29,0.11783662876336529,0.18793124160386115,32.2875833733411,1.2571882056857837,0.0951455088960037,20.858085256619948,168.17045747864742,169.64221568652357
18.0,72.0,3.0,1.648,0.697,11.91,0.09220236609885454,0.1331946685489879,34.338185249430246,1.2571882056857837,0.0951455088960037,21.570167207672846,177.32715663368174,176.83402916474765
18.0,72.0,3.0,1.952,0.666,8.42,0.06984350070627207,0.07752297033829517,35.13342508833596,1.2571882056857837,0.09514550889600369,23.061226090437263,202.54157771486203,183.81756841905377
18.0,72.0,3.0,2.257,0.636,6.16,0.061552185515044655,0.05270301785887939,34.15783086054126,1.2571882056857835,0.09514550889600369,24.622386857772423,231.43485976787932,187.3445008639103
18.0,72.0,3.0,2.343,0.627,5.66,0.06022926386785685,0.04809685341407332,33.75505322087766,1.2571882056857835,0.09514550889600369,25.079264792421213,239.6951847488711,187.85783685525627
18.0,72.0,3.0,2.562,0.605,4.66,0.05824635797988418,0.039217602144012174,32.51871344891233,1.2571882056857837,0.09514550889600369,26.274414000277613,261.4239447075213,188.8971300289276
18.0,72.0,3.0,2.867,0.574,3.42,0.05764248398214052,0.031103792873473618,30.851920338462918,1.2571882056857835,0.09514550889600369,28.0093756061546,291.8315917126645,189.11207930967623
18.0,72.0,3.0,3.172,0.543,2.49,0.058885793399962506,0.025892001757679833,29.13231628022259,1.2571882056857835,0.09514550889600369,29.81541694205131,321.857031763049,188.03551619849273
18.0,72.0,3.0,3.476,0.512,1.83,0.06170458758372393,0.022433335456422652,27.392570868256115,1.2571882056857835,0.09514550889600369,31.674819877224913,350.5932887398118,185.58735065235808
18.0,72.0,3.0,3.781,0.482,1.4,0.06649031021884588,0.020194858280923305,25.61720042692205,1.2571882056857835,0.09514550889600369,33.58888517618879,378.430357692571,182.03869166415436
18.0,72.0,3.0,4.086,0.451,1.13,0.07386260738505546,0.01889362657319574,23.84185863336861,1.2571882056857837,0.0951455088960037,35.54185124061216,403.01862572126856,176.44232925960546
18.0,72.0,3.0,4.391,0.42,0.96,0.0867252981856337,0.018722851212237313,22.025009737531633,1.2571882056857835,0.09514550889600369,37.520188600567636,424.3585996813228,168.50439714943735
18.0,72.0,3.0,4.696,0.389,0.85,0.1164932045754785,0.02087852104320384,19.8978630727844,1.2571882056857837,0.0951455088960037,39.49000906200748,441.80612098514416,155.75699698737887
18.0,72.0,3.0,5.0,0.358,0.79,0.38452971871241237,0.046175377822685035,11.899786056428667,1.0859373834258592,0.029814143378373986,40.9662876737151,387.6970670201025,97.50607541144474
19.0,72.0,3.0,1.257,0.737,22.0,0.35441026784456975,0.5246280497123862,14.5001396047418,1.1812753454168552,0.04644275718627418,19.284056997670724,157.97150113633077,120.1185384992575
19.0,72.0,3.0,1.343,0.728,18.3,0.22077850343620242,0.37788231671184547,25.39858955865179,1.2571882056857837,0.09514550889600369,20.34364674795793,171.89490734404686,156.80009464149597
19.0,72.0,3.0,1.51,0.711,14.29,0.11204976413442864,0.19848132356157586,33.74497354193512,1.2571882056857837,0.09514550889600369,21.69826943814885,177.2634042742675,188.15347639221085
19.0,72.0,3.0,1.648,0.697,11.91,0.08743825854975029,0.1404632075429545,35.83072583227473,1.2571882056857837,0.09514550889600369,22.39298987888153,186.08504819842116,195.49573275435142
19.0,72.0,3.0,1.952,0.666,8.42,0.06593852922104046,0.08157799754117599,36.689385255121394,1.2571882056857837,0.09514550889600372,23.84023237198099,211.04240258661812,202.25107284787603
19.0,72.0,3.0,2.257,0.636,6.16,0.05789504937132711,0.05535843916827799,35.7450266348939,1.2571882056857835,0.09514550889600369,25.356480033301096,239.84328748825536,205.40407199342957
19.0,72.0,3.0,2.343,0.627,5.66,0.05659485295039887,0.05049469946096573,35.34576116724461,1.2571882056857835,0.0951455088960037,25.800929565620535,248.0712419045909,205.79038455313108
19.0,72.0,3.0,2.562,0.605,4.66,0.054598718195867764,0.04112108995784442,34.109890546141195,1.2571882056857835,0.09514550889600369,26.96521381871121,269.72037722642693,206.5297255230405
19.0,72.0,3.0,2.867,0.574,3.42,0.053861602374906205,0.032560797788814703,32.42746631007345,1.2571882056857837,0.0951455088960037,28.659468342636384,299.97620794247683,206.3183162878888
19.0,72.0,3.0,3.172,0.543,2.49,0.05486844453044403,0.027069833165205708,30.67895464423397,1.2571882056857835,0.0951455088960037,30.42775849044844,329.8052971008215,204.81475930338556
19.0,72.0,3.0,3.476,0.512,1.83,0.05736109146196465,0.023435473557884952,28.902025842662106,1.2571882056857837,0.0951455088960037,32.25254305448496,358.30417585345697,201.92750450310655
19.0,72.0,3.0,3.781,0.482,1.4,0.061699005520747696,0.021094272507608945,27.084887011665764,1.2571882056857835,0.09514550889600369,34.134823927381554,385.88840097207606,197.95309835689505
19.0,72.0,3.0,4.086,0.451,1.13,0.06845237579392055,0.019747262621097706,25.266334724785803,1.2571882056857837,0.0951455088960037,36.05882907865642,410.18524812537544,191.8687689857115
19.0,72.0,3.0,4.391,0.42,0.96,0.08029644829527108,0.019599292624971086,23.408944915875786,1.2571882056857837,0.0951455088960037,38.011015715854484,431.22995175309376,183.41038804514258
19.0,72.0,3.0,4.696,0.389,0.85,0.1077268906309655,0.02193230026221987,21.254635149633845,1.2571882056857835,0.09514550889600369,39.958238774684276,448.4423508257276,170.13837494702565
19.0,72.0,3.0,5.0,0.358,0.79,0.36774334489786703,0.049751045729723185,13.09564269165384,1.1300980899030617,0.036695763932777084,41.357764232250574,409.58069476958246,109.94472260846597
20.0,72.0,3.0,1.257,0.737,22.0,0.35185750039297276,0.5605163902590995,15.401880173675458,1.2106344959769877,0.053730485775494885,19.999926215414305,172.75319422305444,134.29420668359867
20.0,72.0,3.0,1.343,0.728,18.3,0.21174328051508204,0.39983589739704095,26.740727179717553,1.2571882056857835,0.0951455088960037,21.20051724866177,182.64044666389975,174.61286467003615
20.0,72.0,3.0,1.51,0.711,14.29,0.10695895846538682,0.20904881994187793,35.08886962159638,1.2571882056857837,0.0951455088960037,22.54970299174721,186.6292886516274,207.6435388282136
20.0,72.0,3.0,1.648,0.697,11.91,0.08324862677682607,0.14775109044527593,37.21316604242724,1.2571882056857837,0.0951455088960037,23.2285253809179,195.0973625800644,215.12621737271564
20.0,72.0,3.0,1.952,0.666,8.42,0.06251401232189104,0.08564964318951107,38.14273441260199,1.2571882056857837,0.0951455088960037,24.634490483099192,219.78909185493046,221.59770113248734
20.0,72.0,3.0,2.257,0.636,6.16,0.05469964498954545,0.05802767186508355,37.23855261146339,1.2571882056857837,0.0951455088960037,26.107700304576397,248.5032237236093,224.30829987336816
20.0,72.0,3.0,2.343,0.627,5.66,0.05342270865734885,0.052905623047134476,36.845472572517174,1.2571882056857837,0.0951455088960037,26.54014330369725,256.7008008589698,224.54663963757883
20.0,72.0,3.0,2.562,0.605,4.66,0.05142355778829001,0.04303580514293779,35.61692510937876,1.2571882056857835,0.09514550889600369,27.674444152228208,278.275745126796,224.93312165296945
20.0,72.0,3.0,2.867,0.574,3.42,0.05058123617190302,0.0340262165286218,33.928165563297505,1.2571882056857837,0.0951455088960037,29.32881570171972,308.385446813016,224.2213220191117
20.0,72.0,3.0,3.172,0.543,2.49,0.05139110561440308,0.02825278570520467,32.15936124523076,1.2571882056857835,0.09514550889600369,31.059796171030253,338.0206415541874,222.21881809719247
20.0,72.0,3.0,3.476,0.512,1.83,0.05360596798831212,0.02443897662574343,30.352960339241093,1.2571882056857837,0.0951455088960037,32.850109361996054,366.2809188159989,218.82405155672728
20.0,72.0,3.0,3.781,0.482,1.4,0.05755737683688154,0.021990914313038304,28.50080986816725,1.2571882056857835,0.09514550889600369,34.70052879688137,393.6081250625381,214.36019545750332
20.0,72.0,3.0,4.086,0.451,1.13,0.06377292739373533,0.02059363853743517,26.64478973768605,1.2571882056857835,0.09514550889600369,36.59532343738998,417.60549736873037,207.72674731546664
20.0,72.0,3.0,4.391,0.42,0.96,0.07473178504672867,0.020462962901375597,24.75136044155041,1.2571882056857837,0.0951455088960037,38.52094967129133,438.3433817639355,198.68824359358155
20.0,72.0,3.0,4.696,0.389,0.85,0.10014333214819209,0.022962617152550113,22.572012479149,1.2571882056857835,0.0951455088960037,40.4448803962568,455.30293783917426,184.8242730435372
20.0,72.0,3.0,5.0,0.358,0.79,0.35303963807784594,0.05324518012315764,14.259339779392334,1.1728358918919812,0.04463648346402829,41.76148833321521,431.73377784310225,122.73657007649717
21.0,72.0,3.0,1.257,0.737,22.0,0.3485569949207815,0.5952084051423736,16.30564071811287,1.2350799603040128,0.06190140884547291,20.725357166547965,187.821279217695,149.05976637343875
21.0,72.0,3.0,1.343,0.728,18.3,0.20376489639423084,0.42175344756523764,27.971702320436457,1.2571882056857837,0.09514550889600369,22.064751146313906,193.72562114554393,193.3455441409158
21.0,72.0,3.0,1.51,0.711,14.29,0.10244497441783608,0.21963434476063776,36.33113595294529,1.2571882056857837,0.09514550889600369,23.41120281257468,196.2623211356602,228.12101340184662
21.0,72.0,3.0,1.648,0.697,11.91,0.07953490834997097,0.15505770791356616,38.49618123954329,1.2571882056857837,0.0951455088960037,24.075482956894305,204.35690531167154,235.73491936790805
21.0,72.0,3.0,1.952,0.666,8.42,0.0594860943092221,0.08973691904347053,39.50197811858232,1.2571882056857837,0.09514550889600372,25.442600064125024,228.77249878191637,241.86952307224013
21.0,72.0,3.0,2.257,0.636,6.16,0.05188364789541602,0.0607098302400587,38.64503240798628,1.2571882056857837,0.0951455088960037,26.874641442510303,257.40450140467635,244.07204012230628
21.0,72.0,3.0,2.343,0.627,5.66,0.05062993111070979,0.05532879607846589,38.26033753350541,1.2571882056857837,0.09514550889600369,27.295511265037078,265.5735584104348,244.14218375368424
21.0,72.0,3.0,2.562,0.605,4.66,0.04863499027521177,0.04496111776198547,37.04488786238771,1.2571882056857837,0.0951455088960037,28.400758546491755,287.0796368031401,244.12463072230176
21.0,72.0,3.0,2.867,0.574,3.42,0.047709134933036794,0.035499821794112006,35.35787234861813,1.2571882056857837,0.0951455088960037,30.016169203486943,317.0492540916411,242.8403663500417
21.0,72.0,3.0,3.172,0.543,2.49,0.04835361501328526,0.02944116633143858,33.576465908717765,1.2571882056857835,0.0951455088960037,31.71039745690904,346.49380000440124,240.268329438546
21.0,72.0,3.0,3.476,0.512,1.83,0.050330216688618666,0.025444762338786026,31.747615587283068,1.2571882056857837,0.09514550889600369,33.46650642908101,374.51531443717244,236.29839257540695
21.0,72.0,3.0,3.781,0.482,1.4,0.05394588796715758,0.022886338872021815,29.866709590544392,1.2571882056857835,0.09514550889600369,35.28510543377447,401.5825392373054,231.28171365046373
21.0,72.0,3.0,4.086,0.451,1.13,0.059691098283877496,0.02143495034348852,27.97862285643275,1.2571882056857837,0.0951455088960037,37.15055255112512,425.2737092293692,224.03797009733984
21.0,72.0,3.0,4.391,0.42,0.96,0.06987507988227097,0.02131684127668599,26.053492723811182,1.2571882056857837,0.09514550889600369,39.04932009992523,445.6947435163969,214.35978015698922
21.0,72.0,3.0,4.696,0.389,0.85,0.0935276374544294,0.023974195999588097,23.851446191416407,1.2571882056857837,0.0951455088960037,40.94940347045069,462.38618428984034,199.83835435774643
21.0,72.0,3.0,5.0,0.358,0.79,0.33897727956967205,0.056525965250956926,15.424331735197681,1.2113099618011676,0.05392275361818153,42.17975247486846,453.15409543253026,135.65478911286692
22.0,72.0,3.0,1.257,0.737,22.0,0.344050237407321,0.6277708448947591,17.250903575993917,1.2532634516712857,0.07143012175271937,21.462457808555236,202.8851126374201,164.22772018676343
22.0,72.0,3.0,1.343,0.728,18.3,0.19666619035592517,0.4436477975527206,29.10444774305192,1.2571882056857837,0.0951455088960037,22.935633014456847,205.1490698046278,213.00638560418835
22.0,72.0,3.0,1.51,0.711,14.29,0.09841435721239399,0.23023783700641945,37.482141436582175,1.2571882056857837,0.0951455088960037,24.281730314369483,206.15731442074824,249.59297942337525
22.0,72.0,3.0,1.648,0.697,11.91,0.07621985708524151,0.16238218932189016,39.68923660190598,1.2571882056857837,0.0951455088960037,24.932723051500304,213.8572374053445,257.3296656092447
22.0,72.0,3.0,1.952,0.666,8.42,0.05678931570749118,0.09383879718724995,40.77485413221081,1.2571882056857837,0.0951455088960037,26.263303426582876,237.98432153794448,263.07670291443986
22.0,72.0,3.0,2.257,0.636,6.16,0.04938312131635884,0.06340403003411442,39.97062049375162,1.2571882056857835,0.09514550889600369,27.65601799007923,266.5377265226447,264.70796429391675
22.0,72.0,3.0,2.343,0.627,5.66,0.04815222415939552,0.057763390950127835,39.59610006069663,1.2571882056857837,0.0951455088960037,28.065752310420674,274.67994547072516,264.59035124301005
22.0,72.0,3.0,2.562,0.605,4.66,0.04616660567914588,0.046896376104054144,38.39856813113423,1.2571882056857837,0.0951455088960037,29.142905337899172,296.12225254762114,264.1191813298836
22.0,72.0,3.0,2.867,0.574,3.42,0.04517415609220568,0.03698129362389132,36.720267210211404,1.2571882056857837,0.09514550889600369,30.720349979743705,325.9579847957921,262.1922204059455
22.0,72.0,3.0,3.172,0.543,2.49,0.04567875989987136,0.03063508622709894,34.93308187400925,1.2571882056857837,0.09514550889600369,32.3784774714273,355.2157059818807,258.98140000142547
22.0,72.0,3.0,3.476,0.512,1.83,0.04744967500555053,0.02645343961088947,33.08814407261079,1.2571882056857837,0.0951455088960037,34.10075161189978,382.9991623592519,254.36943921796154
22.0,72.0,3.0,3.781,0.482,1.4,0.05077198143497998,0.023781685868372822,31.184247398574637,1.2571882056857837,0.09514550889600369,35.88767484963794,409.8044812668546,248.73697006341794
22.0,72.0,3.0,4.086,0.451,1.13,0.05610346874761536,0.022272882739561108,29.269149050232116,1.2571882056857837,0.09514550889600369,37.723738391632445,433.1838933841281,240.82180842009845
22.0,72.0,3.0,4.391,0.42,0.96,0.06560478303541341,0.022163274517009134,27.316466740665113,1.2571882056857835,0.09514550889600369,39.59544939069437,453.27939322218356,230.4444582648966
22.0,72.0,3.0,4.696,0.389,0.85,0.0877131153618141,0.024970790399151666,25.094174354318042,1.2571882056857837,0.09514550889600369,41.47125191831102,469.68952213807086,215.20142695815917
22.0,72.0,3.0,5.0,0.358,0.79,0.32439990799161716,0.059391852308785575,16.62303535964574,1.242131282816196,0.06498613728482387,42.61418961023473,472.5777585078303,148.2613204897593
23.0,72.0,3.0,1.257,0.737,22.0,0.3373782175011466,0.6561764026033948,18.315406051740652,1.2620427527823372,0.08343358497758116,22.21572830273297,217.32761917764188,179.36195926616023
23.0,72.0,3.0,1.343,0.728,18.3,0.19030776480086387,0.46552794641669726,30.1499707221231,1.2571882056857837,0.0951455088960037,23.81251970343859,216.90928755209222,233.60207065217583
23.0,72.0,3.0,1.51,0.711,14.29,0.09479283268881948,0.24085882804834735,38.550976850942455,1.2571882056857835,0.09514550889600369,25.160373204515153,216.3096364487681,272.0653039821373
23.0,72.0,3.0,1.648,0.697,11.91,0.07324209056759133,0.16972353501377146,40.800738346776605,1.2571882056857835,0.09514550889600369,25.799239178502027,223.59260773511485,279.91699265975535
23.0,72.0,3.0,1.952,0.666,8.42,0.0543718499065322,0.09795425953726374,41.96840051447385,1.2571882056857835,0.09514550889600369,27.095472054404024,247.41704570066247,285.2278479985093
23.0,72.0,3.0,2.257,0.636,6.16,0.047147678865459994,0.06610941616392597,41.22103155834086,1.2571882056857837,0.0951455088960037,28.45065758631443,275.8942557299797,286.22693548143445
23.0,72.0,3.0,2.343,0.627,5.66,0.045938981407147784,0.0602086065611516,40.85812178492715,1.2571882056857837,0.09514550889600369,28.849692777326325,284.0111160388459,285.9026100801671
23.0,72.0,3.0,2.562,0.605,4.66,0.043966281715062706,0.04884093499643953,39.6824903677065,1.2571882056857835,0.09514550889600369,29.89972509477534,305.3944229987584,284.9297104106886
23.0,72.0,3.0,2.867,0.574,3.42,0.042920607086796965,0.038470263034226765,38.01887373220837,1.2571882056857837,0.0951455088960037,31.440250069686037,335.1024599248959,282.2915555035166
23.0,72.0,3.0,3.172,0.543,2.49,0.04330613253977594,0.03183452771058218,36.23192725114626,1.2571882056857835,0.09514550889600369,33.063002869064995,364.17758020765615,278.37400219448716
23.0,72.0,3.0,3.476,0.512,1.83,0.044898415595196854,0.027465398907973834,34.37663592758286,1.2571882056857837,0.0951455088960037,34.75189742703198,391.72437736693416,273.0539985213632
23.0,72.0,3.0,3.781,0.482,1.4,0.047962975229482514,0.024677788875094836,32.4550360449776,1.2571882056857837,0.09514550889600369,36.50737974461992,418.26674723150666,266.7432410779013
23.0,72.0,3.0,4.086,0.451,1.13,0.05292859885143327,0.023108733376735687,30.517634850371113,1.2571882056857835,0.0951455088960037,38.314113582283845,441.3298772852093,258.0956676629261
23.0,72.0,3.0,4.391,0.42,0.96,0.06182499586658295,0.023004123490423366,28.541340721853214,1.2571882056857837,0.0951455088960037,40.15866049370123,461.0923559626712,246.9597815409703
23.0,72.0,3.0,4.696,0.389,0.85,0.08256851909036628,0.02595541362655996,26.30129594785113,1.2571882056857835,0.0951455088960037,42.00985538776916,477.20976433551596,230.93201594132032
23.0,72.0,3.0,5.0,0.358,0.79,0.3080353143676253,0.06150106843224879,17.897925130356494,1.2602600959467853,0.07856048671123818,43.066289754331315,488.0607303758294,159.71999955595314
24.0,72.0,3.0,1.257,0.737,22.0,0.32710633954528284,0.6804607084647762,19.55737351564868,1.2571882056857835,0.09514550889600369,23.01726830125289,230.20276760261945,194.7390624708878
24.0,72.0,3.0,1.343,0.728,18.3,0.1845783823558006,0.48740024807668025,31.117707817112745,1.2571882056857835,0.09514550889600369,24.69483626973553,229.00473903641122,255.13806971994654
24.0,72.0,3.0,1.51,0.711,14.29,0.09152063167294741,0.2514966124382289,39.54563549734455,1.2571882056857835,0.09514550889600369,26.04632911628257,226.71515785726695,295.54288476285393
24.0,72.0,3.0,1.648,0.697,11.91,0.0705522252299632,0.17708069788813524,41.83816398325511,1.2571882056857835,0.0951455088960037,26.67414151167953,233.55788392551614,303.5023937431704
24.0,72.0,3.0,1.952,0.666,8.42,0.052192141865701196,0.10208232607937537,43.08901731152139,1.2571882056857837,0.0951455088960037,27.938093604758127,257.06388059839395,308.330284002547
24.0,72.0,3.0,2.257,0.636,6.16,0.045137092016563,0.06882517756055019,42.401565989190594,1.2571882056857837,0.09514550889600369,29.257492628086055,285.4661595023656,308.63830742038283
24.0,72.0,3.0,2.343,0.627,5.66,0.0439498452584813,0.06266368225880051,42.0514014108831,1.2571882056857837,0.09514550889600369,29.64625943386114,293.5589194962942,308.0888654622706
24.0,72.0,3.0,2.562,0.605,4.66,0.04199256194508467,0.05079417188243126,40.90092444557935,1.2571882056857835,0.09514550889600369,30.67014662429371,314.8876056462964,306.56747538958484
24.0,72.0,3.0,2.867,0.574,3.42,0.040904303685833254,0.03996633941315891,39.257065704126184,1.2571882056857837,0.09514550889600369,32.174831877349405,344.4739954019024,303.1512589431182
24.0,72.0,3.0,3.172,0.543,2.49,0.041187845622989015,0.033039388919720684,37.47563436193101,1.2571882056857835,0.09514550889600369,33.76299374092126,373.37098725750326,298.46028503545085
24.0,72.0,3.0,3.476,0.512,1.83,0.04262412732705325,0.028480875059371857,35.6151318729325,1.2571882056857835,0.09514550889600369,35.419035030452214,400.68306738335934,292.36707202463185
24.0,72.0,3.0,3.781,0.482,1.4,0.0454610762314814,0.02557525374136294,33.68065660419412,1.2571882056857837,0.0951455088960037,37.14338895077598,426.96218544502904,285.3160488698416
24.0,72.0,3.0,4.086,0.451,1.13,0.050101564380024353,0.023943503736814573,31.725319323475116,1.2571882056857837,0.0951455088960037,38.92092646446698,449.705412387827,275.87526636279085
24.0,72.0,3.0,4.391,0.42,0.96,0.05845912026751045,0.023840870889706555,29.72913396236463,1.2571882056857837,0.0951455088960037,40.73828271289169,469.12844879032104,263.92159078290956
24.0,72.0,3.0,4.696,0.389,0.85,0.07798915483682588,0.02693050388793461,27.47381888128524,1.2571882056857837,0.09514550889600369,42.56463745319372,484.9432852453569,247.0467680528284
24.0,72.0,3.0,5.0,0.358,0.79,0.2880900259007686,0.06234979451948604,19.313895811011115,1.2571882056857837,0.0951455088960037,43.54193231090735,496.2450268175106,168.7030166296323
25.0,72.0,3.0,1.257,0.737,22.0,0.318606338731441,0.7141877802955622,20.51713251695206,1.2571882056857835,0.0951455088960037,23.87637916073001,244.16322423574232,213.66723498797253
25.0,72.0,3.0,1.343,0.728,18.3,0.17938816496936882,0.5092692035903852,32.01579937518624,1.2571882056857837,0.0951455088960037,25.582070227652594,241.43392364718014,277.61890558800246
25.0,72.0,3.0,1.51,0.711,14.29,0.08854911621177233,0.2621503574716373,40.4731648726231,1.2571882056857837,0.0951455088960037,26.938891172988544,237.3701993085213,320.02983733858616
25.0,72.0,3.0,1.648,0.697,11.91,0.06811008588695924,0.1844526331748548,42.80817537098122,1.2571882056857837,0.0951455088960037,27.556642282519004,243.74848591742867,328.09051200919635
25.0,72.0,3.0,1.952,0.666,8.42,0.050216491176632266,0.10622207004696704,44.142523398261964,1.2571882056857837,0.09514550889600369,28.790259744919663,266.91869464271895,332.390274710368
25.0,72.0,3.0,2.257,0.636,6.16,0.04331886415987192,0.07155055427112916,43.51713388469543,1.2571882056857837,0.0951455088960037,30.07555179106084,295.24617756106744,331.9501660159664
25.0,72.0,3.0,2.343,0.627,5.66,0.04215224979641153,0.06512790455611152,43.18059274876528,1.2571882056857837,0.09514550889600369,30.454472064198733,303.31586329095046,331.1577054138095
25.0,72.0,3.0,2.562,0.605,4.66,0.040212077056890616,0.05275549550990535,42.057893615963735,1.2571882056857835,0.09514550889600369,31.453182141022296,324.59386729051636,329.04230725829626
25.0,72.0,3.0,2.867,0.574,3.42,0.0390897688182361,0.0414691277394204,40.438069703632806,1.2571882056857837,0.0951455088960037,32.92312638872216,354.0644120140426,324.7826896541283
25.0,72.0,3.0,3.172,0.543,2.49,0.03928548476883001,0.03424951404270618,38.66675246227508,1.2571882056857837,0.0951455088960037,34.47752410842805,382.7878697670234,319.25282468065035
25.0,72.0,3.0,3.476,0.512,1.83,0.04058482063863184,0.029499991589711592,36.805628232943825,1.2571882056857837,0.0951455088960037,36.101296261103,409.86758694808685,312.3220953102501
25.0,72.0,3.0,3.781,0.482,1.4,0.043219811057180306,0.026474515623020674,34.86266654276864,1.2571882056857837,0.0951455088960037,37.79490048048986,435.88376462486167,304.46938871346543
25.0,72.0,3.0,4.086,0.451,1.13,0.047570035331649094,0.024777966697033967,32.893425644178336,1.2571882056857835,0.09514550889600369,39.54344480435544,458.3042535216195,294.1748542079936
25.0,72.0,3.0,4.391,0.42,0.96,0.05544529978452206,0.024674702024076206,30.880843762375196,1.2571882056857837,0.09514550889600369,41.333656055259034,477.38237352978615,281.3442884850008
25.0,72.0,3.0,4.696,0.389,0.85,0.0738905448345296,0.02789804614295005,28.612691350608667,1.2571882056857837,0.09514550889600369,43.135021684505624,492.8861537848239,263.56074801026733
25.0,72.0,3.0,5.0,0.358,0.79,0.27090917551617943,0.06565814465203831,20.61398606328019,1.2571882056857835,0.09514550889600369,44.115904658757074,505.35391802231743,184.69351177062904
